,Df,R2,Pr(>F),Df,R2,Pr(>F)
HEA_cdiff,1,0.0033865486007199,0.008,1,0.0080878893497704,0.005
HEA_acid_reflux,1,0.0028836275225139,0.024,1,0.0016532181942018,0.436
HEA_ibd,1,0.0026914469124288,0.053,1,0.0025072795713275,0.22
HEA_thyroid,1,0.0025176164907999,0.077,1,0.0046044898283925,0.062
HEA_sibo,1,0.0024392794018123,0.084,1,0.0014344746518484,0.529
